ADA-HANIFI	Ahmed	ahmed.ada-hanifi@telecom-paristech.fr
ADJAVON	Diane-Yayra	adjavon@telecom-paristech.fr
ANDRIAMANGA	Niry	niry.andriamanga@telecom-paristech.fr
APTEL	Laure	laure.aptel@telecom-paristech.fr
ARCELIN	Eléonore	eleonore.arcelin@telecom-paristech.fr
ARENOU	Perceval	perceval.arenou@telecom-paristech.fr
AUCLAIR	Benjamin	benjamin.auclair@telecom-paristech.fr
AURIOL	Aymeric	aymeric.auriol@telecom-paristech.fr
AYMERIC	Raphaël	raphael.aymeric@telecom-paristech.fr
AYNIE	Gabrielle	gabrielle.aynie@telecom-paristech.fr
AZZABI	Nada	nada.azzabi@telecom-paristech.fr
BAI	Yunzhi	yunzhi.bai@telecom-paristech.fr
BALTEAUX	Aurélien	aurelien.balteaux@telecom-paristech.fr
BARRANGOU	Laura	laura.barrangou@telecom-paristech.fr
BATTINO	Benjamin	benjamin.battino@telecom-paristech.fr
BATTISTELLA	Enzo	enzo.battistella@telecom-paristech.fr
BELHAOUZ	Marouane	marouane.belhaouz@telecom-paristech.fr
BEN KACEM	Salah	salah.benkacem@telecom-paristech.fr
BENCHEKROUN BELABBES	Réda	belabbes@telecom-paristech.fr
BERARD	Clara	clara.berard@telecom-paristech.fr
BONETTI	Arnaud	arnaud.bonetti@telecom-paristech.fr
BONIFACE	François	francois.boniface@telecom-paristech.fr
BOUNOU	Oumayma	oumayma.bounou@telecom-paristech.fr
BOURAOUI	Oussama	oussama.bouraoui@telecom-paristech.fr
BOURGEON	Maxime	maxime.bourgeon@telecom-paristech.fr
BOURGEY	Florian	florian.bourgey@telecom-paristech.fr
BOUSBAINE	Mehdi	mehdi.bousbaine@telecom-paristech.fr
BOUTIN	Lucas	lucas.boutin@telecom-paristech.fr
BOYADJIAN	Antoine	antoine.boyadjian@telecom-paristech.fr
BUFFIER	Maud	maud.buffier@telecom-paristech.fr
CHABANIER	Solène	solene.chabanier@telecom-paristech.fr
CHABERT	Quentin	quentin.chabert@telecom-paristech.fr
CHAPRON	Xavier	xavier.chapron@telecom-paristech.fr
CHATON	Thomas	thomas.chaton@telecom-paristech.fr
CHEDDADI	Zineb	zineb.cheddadi@telecom-paristech.fr
CHEREL	Nicolas	nicolas.cherel@telecom-paristech.fr
CHOCHOD	Martin	martin.chochod@telecom-paristech.fr
CLAVEL	Paul	paul.clavel@telecom-paristech.fr
CLERGER	Cybill	cybill.clerger@telecom-paristech.fr
COLAS	Benoît	benoit.colas@telecom-paristech.fr
COQUOIN	Alexis	alexis.coquoin@telecom-paristech.fr
COURMONT	Louis	louis.courmont@telecom-paristech.fr
DARMON	François	francois.darmon@telecom-paristech.fr
DE BROGLIE	Aymon	aymon.debroglie@telecom-paristech.fr
DE CREVOISIER D'HURBACHE	Alban	decrevoisier@telecom-paristech.fr
DE LEOTARD	Yves	yves.deleotard@telecom-paristech.fr
DE MARMIESSE DE LUSSAN	Gabriel	delussan@telecom-paristech.fr
DE MURAT DE LESTANG	Victor	vdemurat@telecom-paristech.fr
DEBAENE	Nicolas	nicolas.debaene@telecom-paristech.fr
DELCOURT	Samuel	samuel.delcourt@telecom-paristech.fr
DEMANOU WAMO	Daniel	demanouwamo@telecom-paristech.fr
DESPLANQUES	Ronan	ronan.desplanques@telecom-paristech.fr
DESROUSSEAUX	Quentin	desrousseaux@telecom-paristech.fr
DJEBALI	Nidhal	nidhal.djebali@telecom-paristech.fr
DOEBELIN	Coline	coline.doebelin@telecom-paristech.fr
DUCAROUGE	Alexis	alexis.ducarouge@telecom-paristech.fr
DULIOUST	Magali	magali.dulioust@telecom-paristech.fr
DURAND	Amaury	amaury.durand@telecom-paristech.fr
EBOLI	Thomas	thomas.eboli@telecom-paristech.fr
EL KORNO	Wiame	wiame.elkorno@telecom-paristech.fr
ENGUEHARD	Joseph	joseph.enguehard@telecom-paristech.fr
ETCHEVERRY	Mayalen	etcheverry@telecom-paristech.fr
EUGENE	Kévin	kevin.eugene@telecom-paristech.fr
FENG	Yan	yan.feng@telecom-paristech.fr
FETOURI	Bader	bader.fetouri@telecom-paristech.fr
FROMONTEIL	Charles	fromonteil@telecom-paristech.fr
GALAS	Godefroy	godefroy.galas@telecom-paristech.fr
GARCIA	Dimitri	dimitri.garcia@telecom-paristech.fr
GAUDRON	Alexandra,	alexandra.gaudron@telecom-paristech.fr
GIANOLI	Nicolas	nicolas.gianoli@telecom-paristech.fr
GOGHROD	Yazid	yazid.goghrod@telecom-paristech.fr
GRELET	Guillaume	guillaume.grelet@telecom-paristech.fr
GROLEAZ	Lucas	lucas.groleaz@telecom-paristech.fr
GUEYE	Khady	khady.gueye@telecom-paristech.fr
GUILHEM-DUCLEON	Samuel	sguilhem@telecom-paristech.fr
GUERIN	Paul,	paul.guerin@telecom-paristech.fr
HABABOU	Dan	dan.hababou@telecom-paristech.fr
HANDOU KEMAYOU	Joe	joe.handoukemayou@telecom-paristech.fr
HAZIZA	Ariel	ariel.haziza@telecom-paristech.fr
HEURTAUX	Philippe	philippe.heurtaux@telecom-paristech.fr
HMIDA	Hana	hana.hmida@telecom-paristech.fr
HOFMAN	Elliot	elliot.hofman@telecom-paristech.fr
HOUDAYER	Antoine	antoine.houdayer@telecom-paristech.fr
HU	Anthony	anthony.hu@telecom-paristech.fr
IZYDORCZYK	Lucas	lucas.izydorczyk@telecom-paristech.fr
KAZUNGU	Stephane	stephane.kazungu@telecom-paristech.fr
LACHAUX	Marie-Anne	lachaux@telecom-paristech.fr
LAMBERT	Alex	alex.lambert@telecom-paristech.fr
LARDENOIS	Julie	julie.lardenois@telecom-paristech.fr
LE PAGE	Henri	henri.lepage@telecom-paristech.fr
LE ROUX	Sylvain	sylvain.leroux@telecom-paristech.fr
LECOUAT	Bruno	bruno.lecouat@telecom-paristech.fr
LENTHY TOFANELLI	Fabien	flenthy@telecom-paristech.fr
LEROY	Quentin	quentin.leroy@telecom-paristech.fr
LEVEQUE	Guillaume	guillaume.leveque@telecom-paristech.fr
LORRE	Guillaume	guillaume.lorre@telecom-paristech.fr
LUBRANO DI SCANDALEA	Mélanie	mlubrano@telecom-paristech.fr
LUO	Thomas	thomas.luo@telecom-paristech.fr
MAGENDIE	Grégoire	gregoire.magendie@telecom-paristech.fr
MARIGNIER	Gabin	gabin.marignier@telecom-paristech.fr
MARIN	Gautier	gautier.marin@telecom-paristech.fr
MARTY	Louis	louis.marty@telecom-paristech.fr
MASKANI FILALI	Mohamed	mmaskani@telecom-paristech.fr
MASSELIN	Côme	come.masselin@telecom-paristech.fr
MASSERA	Louis	louis.massera@telecom-paristech.fr
MATA	Pembe	pembe.mata@telecom-paristech.fr
MATHERON	Maxime	maxime.matheron@telecom-paristech.fr
MECHERNENE	Camille	mechernene@telecom-paristech.fr
MOLLIERE	Jacques	jacques.molliere@telecom-paristech.fr
MOREL	Augustin	augustin.morel@telecom-paristech.fr
MOREL	Martin	martin.morel@telecom-paristech.fr
MORTIER	Adèle	adele.mortier@telecom-paristech.fr
NAHUM	Alexandre	alexandre.nahum@telecom-paristech.fr
NANA YEMMING	Shane	shane.nanayemming@telecom-paristech.fr
NGOM	Ndeye	ndeye.ngom@telecom-paristech.fr
NGUYEN	Bérénice	berenice.nguyen@telecom-paristech.fr
NOVELLO	Paul	paul.novello@telecom-paristech.fr
PARIS	Antoine	antoine.paris@telecom-paristech.fr
PARVILLERS	Jean	jean.parvillers@telecom-paristech.fr
PETERSEN	Léna	lena.petersen@telecom-paristech.fr
PICAND	Guillaume	guillaume.picand@telecom-paristech.fr
PLOTEGHER	Arthur	arthur.plotegher@telecom-paristech.fr
PONCHON	Bastien	bastien.ponchon@telecom-paristech.fr
PONTOIS	Nicolas	nicolas.pontois@telecom-paristech.fr
PORTA	Hugo	hugo.porta@telecom-paristech.fr
PORTENARD	Baptiste	portenard@telecom-paristech.fr
PRAJANANTHAR	Prushoth	prajananthar@telecom-paristech.fr
QUESSON	Pierre	pierre.quesson@telecom-paristech.fr
RAMPON	Pierre	pierre.rampon@telecom-paristech.fr
RENAULT	Mathieu	mathieu.renault@telecom-paristech.fr
ROUFFIGNAC	Tanguy	tanguy.rouffignac@telecom-paristech.fr
ROUILLET	Antoine	antoine.rouillet@telecom-paristech.fr
ROYEN	Clément	clement.royen@telecom-paristech.fr
SALAUN	Achille	achille.salaun@telecom-paristech.fr
SCHOUMACHER	Julien	schoumacher@telecom-paristech.fr
SCRENCI	Matteo	matteo.screnci@telecom-paristech.fr
SELLAMI	Yousri	yousri.sellami@telecom-paristech.fr
SOUKARIE	Rémy	remy.soukarie@telecom-paristech.fr
TACONET	Robin	robin.taconet@telecom-paristech.fr
TELLIER	Thomas	thomas.tellier@telecom-paristech.fr
TERME	Yannick	yannick.terme@telecom-paristech.fr
THIERCE	Nicolas	nicolas.thierce@telecom-paristech.fr
TURP	Henry	henry.turp@telecom-paristech.fr
TURQUETIL	Antoine	antoine.turquetil@telecom-paristech.fr
VATINYAN	Mkrtich	mkrtich.vatinyan@telecom-paristech.fr
VOUEMBA	Jean-Marie	vouemba@telecom-paristech.fr
WEILL	Clément	clement.weill@telecom-paristech.fr
WOLFF	Yannick	yannick.wolff@telecom-paristech.fr
XU	Lucie	lucie.xu@telecom-paristech.fr
YANG	Xuecan	xuecan.yang@telecom-paristech.fr
YEHIA	Raja	raja.yehia@telecom-paristech.fr
ZHENG	Jie	jie.zheng@telecom-paristech.fr
ZOUARI	Mehdi	mehdi.zouari@telecom-paristech.fr
